﻿<?xml version="1.0" encoding="UTF-8" ?>
<OBJECT TYPE="TABLE_CONTAINER" CLASS="VF_FP020" ID="9BF3101DC1B342569E42EDF7A0E669C2" >
<PROPERTY NAME="UCAPTION" LANG="ENG" VALUE="Default Table Container"/>
<PROPERTY NAME="UCAPTION" LANG="FRA" VALUE="Conteneur de table par défaut"/>
<PROPERTY NAME="UCAPTION" LANG="JPN" VALUE="ﾃﾞﾌｫﾙﾄ ﾃｰﾌﾞﾙ ｺﾝﾃﾅ"/>
<PROPERTY NAME="UDECRYPTMETHOD" VALUE="DECRYPT2"/>
<OBJECT TYPE="TABLE" CLASS="VF_FP021" ID="1E33E911A74F46FAAC0F4504CBB93F1D" >
<PROPERTY NAME="IP_LAST" VALUE="20070822-144933-DCXUSER"/>
<PROPERTY NAME="UCAPTION" LANG="ENG" VALUE="Departments"/>
<PROPERTY NAME="UCAPTION" LANG="FRA" VALUE="Départements"/>
<PROPERTY NAME="UCAPTION" LANG="JPN" VALUE="部門"/>
<PROPERTY NAME="UDATAHANDLERFUNCTION" VALUE="UFU0011"/>
<PROPERTY NAME="UDATAHANDLERPROCESS" VALUE="UF_SYSBR"/>
<PROPERTY NAME="UHINT" LANG="ENG" VALUE="Departments"/>
<PROPERTY NAME="UHINT" LANG="FRA" VALUE="Départements"/>
<PROPERTY NAME="UHINT" LANG="JPN" VALUE="部門"/>
<PROPERTY NAME="ULANGFIELD" VALUE="*NONE"/>
<PROPERTY NAME="UREADONLY" VALUE="FALSE"/>
<PROPERTY NAME="UUSEROBJECTTYPE" VALUE="VF_DEPTAB"/>
<OBJECT TYPE="FIELD" CLASS="VF_FP022" ID="145DB589484F4851850D136353141A99" >
<PROPERTY NAME="IP_LAST" VALUE="20161128-103858-VF19PGMLIB"/>
<PROPERTY NAME="UCAPTION" VALUE="Department"/>
<PROPERTY NAME="UCAPTION" LANG="ENG" VALUE="Code"/>
<PROPERTY NAME="UCAPTION" LANG="FRA" VALUE="Code"/>
<PROPERTY NAME="UCAPTION" LANG="JPN" VALUE="ｺｰﾄﾞ"/>
<PROPERTY NAME="UDECIMALS" TYPE="N" VALUE="0"/>
<PROPERTY NAME="UKEY" VALUE="TRUE"/>
<PROPERTY NAME="UKEYSEQUENCE" TYPE="N" VALUE="1"/>
<PROPERTY NAME="UMAXLENGTH" TYPE="N" VALUE="4"/>
<PROPERTY NAME="USEQUENCE" TYPE="N" VALUE="1"/>
<PROPERTY NAME="UTYPE" VALUE="A"/>
<PROPERTY NAME="UUPPERCASE" VALUE="TRUE"/>
<PROPERTY NAME="UUSEROBJECTTYPE" VALUE="XDEPTMENT"/>
</OBJECT>
<OBJECT TYPE="FIELD" CLASS="VF_FP022" ID="7EEE44962DEF485F961F4E74E79526A2" >
<PROPERTY NAME="IP_LAST" VALUE="20161128-103904-VF19PGMLIB"/>
<PROPERTY NAME="UCAPTION" VALUE="descr"/>
<PROPERTY NAME="UCAPTION" LANG="ENG" VALUE="Description"/>
<PROPERTY NAME="UCAPTION" LANG="FRA" VALUE="Description"/>
<PROPERTY NAME="UCAPTION" LANG="JPN" VALUE="記述"/>
<PROPERTY NAME="UDECIMALS" TYPE="N" VALUE="0"/>
<PROPERTY NAME="UKEY" VALUE="FALSE"/>
<PROPERTY NAME="UKEYSEQUENCE" TYPE="N" VALUE="0"/>
<PROPERTY NAME="UMAXLENGTH" TYPE="N" VALUE="30"/>
<PROPERTY NAME="USEQUENCE" TYPE="N" VALUE="2"/>
<PROPERTY NAME="UTYPE" VALUE="A"/>
<PROPERTY NAME="UUPPERCASE" VALUE="FALSE"/>
<PROPERTY NAME="UUSEROBJECTTYPE" VALUE="XDEPTDESC"/>
</OBJECT>
<OBJECT TYPE="VF_FP023" CLASS="VF_FP023" ID="205DFB73E40546B3BCDB9E24287E42AD" >
<PROPERTY NAME="UCAPTION" LANG="ENG" VALUE="New Visualization"/>
<PROPERTY NAME="UCAPTION" LANG="FRA" VALUE="Nouvelle visualisation"/>
<PROPERTY NAME="UCAPTION" LANG="JPN" VALUE="新しいﾋﾞｼﾞｭｱﾗｲｾﾞｰｼｮﾝ"/>
<PROPERTY NAME="UDESCRIPTIONFIELD" VALUE="7EEE44962DEF485F961F4E74E79526A2"/>
<PROPERTY NAME="USORTBY" VALUE="145DB589484F4851850D136353141A99"/>
<PROPERTY NAME="UVISUALIZATIONTYPE" VALUE="COMBO"/>
</OBJECT>
</OBJECT>
<OBJECT TYPE="TABLE" CLASS="VF_FP021" ID="773DF3C9651645558A3C02B079A196CF" >
<PROPERTY NAME="IP_LAST" VALUE="20070822-145145-DCXUSER"/>
<PROPERTY NAME="UCAPTION" LANG="ENG" VALUE="Australian States"/>
<PROPERTY NAME="UCAPTION" LANG="FRA" VALUE="Etats Austratiens"/>
<PROPERTY NAME="UCAPTION" LANG="JPN" VALUE="ｵｰｽﾄﾗﾘｱの州"/>
<PROPERTY NAME="UHINT" LANG="ENG" VALUE="Australian States"/>
<PROPERTY NAME="UHINT" LANG="FRA" VALUE="Etats Austratiens"/>
<PROPERTY NAME="UHINT" LANG="JPN" VALUE="ｵｰｽﾄﾗﾘｱの州"/>
<PROPERTY NAME="UUSEROBJECTTYPE" VALUE="VF_STATES"/>
<OBJECT TYPE="FIELD" CLASS="VF_FP022" ID="1F806053CB8845F38CD8A6CA22384E7A" >
<PROPERTY NAME="IP_LAST" VALUE="20080603-173803-PCXUSER"/>
<PROPERTY NAME="UCAPTION" LANG="ENG" VALUE="State Code"/>
<PROPERTY NAME="UCAPTION" LANG="FRA" VALUE="Code état"/>
<PROPERTY NAME="UCAPTION" LANG="JPN" VALUE="州ｺｰﾄﾞ"/>
<PROPERTY NAME="UDECIMALS" TYPE="N" VALUE="0"/>
<PROPERTY NAME="UKEY" VALUE="TRUE"/>
<PROPERTY NAME="UKEYSEQUENCE" TYPE="N" VALUE="1"/>
<PROPERTY NAME="UMAXLENGTH" TYPE="N" VALUE="3"/>
<PROPERTY NAME="USEQUENCE" TYPE="N" VALUE="1"/>
<PROPERTY NAME="UTYPE" VALUE="A"/>
<PROPERTY NAME="UUPPERCASE" VALUE="TRUE"/>
<PROPERTY NAME="UUSEROBJECTTYPE" VALUE="CODE"/>
</OBJECT>
<OBJECT TYPE="FIELD" CLASS="VF_FP022" ID="38A6FCB659614F808771A93CF1B64885" >
<PROPERTY NAME="IP_LAST" VALUE="20080603-173810-PCXUSER"/>
<PROPERTY NAME="UCAPTION" LANG="ENG" VALUE="Description"/>
<PROPERTY NAME="UCAPTION" LANG="FRA" VALUE="Description"/>
<PROPERTY NAME="UCAPTION" LANG="JPN" VALUE="記述"/>
<PROPERTY NAME="UDECIMALS" TYPE="N" VALUE="0"/>
<PROPERTY NAME="UKEY" VALUE="FALSE"/>
<PROPERTY NAME="UKEYSEQUENCE" TYPE="N" VALUE="0"/>
<PROPERTY NAME="UMAXLENGTH" TYPE="N" VALUE="40"/>
<PROPERTY NAME="USEQUENCE" TYPE="N" VALUE="2"/>
<PROPERTY NAME="UTYPE" VALUE="A"/>
<PROPERTY NAME="UUPPERCASE" VALUE="FALSE"/>
<PROPERTY NAME="UUSEROBJECTTYPE" VALUE="DESCRIPTN"/>
</OBJECT>
<OBJECT TYPE="VF_FP023" CLASS="VF_FP023" ID="61714EE9BB3E48B7BD7B8014333AEA41" >
<PROPERTY NAME="UCAPTION" LANG="ENG" VALUE="New Visualization"/>
<PROPERTY NAME="UCAPTION" LANG="FRA" VALUE="Nouvelle visualisation"/>
<PROPERTY NAME="UCAPTION" LANG="JPN" VALUE="新しいﾋﾞｼﾞｭｱﾗｲｾﾞｰｼｮﾝ"/>
<PROPERTY NAME="UDESCRIPTIONFIELD" VALUE="38A6FCB659614F808771A93CF1B64885"/>
<PROPERTY NAME="USORTBY" VALUE="75B16BFBE0F84821AB66787CE8F2B2E6"/>
<PROPERTY NAME="UVISUALIZATIONTYPE" VALUE="COMBO"/>
</OBJECT>
<OBJECT TYPE="FIELD" CLASS="VF_FP022" ID="75B16BFBE0F84821AB66787CE8F2B2E6" >
<PROPERTY NAME="IP_LAST" VALUE="20080603-173837-PCXUSER"/>
<PROPERTY NAME="UCAPTION" LANG="ENG" VALUE="Sequence"/>
<PROPERTY NAME="UCAPTION" LANG="FRA" VALUE="Séquence"/>
<PROPERTY NAME="UCAPTION" LANG="JPN" VALUE="ｼｰｹﾝｽ"/>
<PROPERTY NAME="UDECIMALS" TYPE="N" VALUE="0"/>
<PROPERTY NAME="UKEY" VALUE="FALSE"/>
<PROPERTY NAME="UKEYSEQUENCE" TYPE="N" VALUE="0"/>
<PROPERTY NAME="UMAXLENGTH" TYPE="N" VALUE="3"/>
<PROPERTY NAME="USEQUENCE" TYPE="N" VALUE="3"/>
<PROPERTY NAME="UTYPE" VALUE="N"/>
<PROPERTY NAME="UUPPERCASE" VALUE="FALSE"/>
<PROPERTY NAME="UUSEROBJECTTYPE" VALUE="MYSEQ"/>
</OBJECT>
</OBJECT>
<OBJECT TYPE="TABLE" CLASS="VF_FP021" ID="58A6D26ACCB74D64989124ECAF99E786" >
<PROPERTY NAME="IP_LAST" VALUE="20070822-145211-DCXUSER"/>
<PROPERTY NAME="UCAPTION" LANG="ENG" VALUE="Sex"/>
<PROPERTY NAME="UCAPTION" LANG="FRA" VALUE="Sexe"/>
<PROPERTY NAME="UCAPTION" LANG="JPN" VALUE="性別"/>
<PROPERTY NAME="UDATAHANDLERFUNCTION" VALUE="UFU0012"/>
<PROPERTY NAME="UDATAHANDLERPROCESS" VALUE="UF_SYSBR"/>
<PROPERTY NAME="UREADONLY" VALUE="TRUE"/>
<PROPERTY NAME="UUSEROBJECTTYPE" VALUE="VF_SEX"/>
<OBJECT TYPE="FIELD" CLASS="VF_FP022" ID="97FF49E0099D437DB7AAB5EF2281DAB2" >
<PROPERTY NAME="IP_LAST" VALUE="20080603-173848-PCXUSER"/>
<PROPERTY NAME="UCAPTION" LANG="ENG" VALUE="Code"/>
<PROPERTY NAME="UCAPTION" LANG="FRA" VALUE="Code"/>
<PROPERTY NAME="UCAPTION" LANG="JPN" VALUE="ｺｰﾄﾞ"/>
<PROPERTY NAME="UDECIMALS" TYPE="N" VALUE="0"/>
<PROPERTY NAME="UKEY" VALUE="TRUE"/>
<PROPERTY NAME="UKEYSEQUENCE" TYPE="N" VALUE="1"/>
<PROPERTY NAME="UMAXLENGTH" TYPE="N" VALUE="1"/>
<PROPERTY NAME="USEQUENCE" TYPE="N" VALUE="1"/>
<PROPERTY NAME="UTYPE" VALUE="A"/>
<PROPERTY NAME="UUPPERCASE" VALUE="TRUE"/>
<PROPERTY NAME="UUSEROBJECTTYPE" VALUE="CODE"/>
</OBJECT>
<OBJECT TYPE="FIELD" CLASS="VF_FP022" ID="FAB226541962430C95217375A27A2D6B" >
<PROPERTY NAME="IP_LAST" VALUE="20080603-173854-PCXUSER"/>
<PROPERTY NAME="UCAPTION" LANG="ENG" VALUE="Description"/>
<PROPERTY NAME="UCAPTION" LANG="FRA" VALUE="Description"/>
<PROPERTY NAME="UCAPTION" LANG="JPN" VALUE="記述"/>
<PROPERTY NAME="UDECIMALS" TYPE="N" VALUE="0"/>
<PROPERTY NAME="UKEY" VALUE="FALSE"/>
<PROPERTY NAME="UKEYSEQUENCE" TYPE="N" VALUE="0"/>
<PROPERTY NAME="UMAXLENGTH" TYPE="N" VALUE="20"/>
<PROPERTY NAME="USEQUENCE" TYPE="N" VALUE="2"/>
<PROPERTY NAME="UTYPE" VALUE="A"/>
<PROPERTY NAME="UUPPERCASE" VALUE="FALSE"/>
<PROPERTY NAME="UUSEROBJECTTYPE" VALUE="DESCRIPTN"/>
</OBJECT>
<OBJECT TYPE="VF_FP023" CLASS="VF_FP023" ID="9EF830A80DCB46449E1E47FCD0677F77" >
<PROPERTY NAME="UCAPTION" LANG="ENG" VALUE="New Visualization"/>
<PROPERTY NAME="UCAPTION" LANG="FRA" VALUE="Nouvelle visualisation"/>
<PROPERTY NAME="UCAPTION" LANG="JPN" VALUE="新しいﾋﾞｼﾞｭｱﾗｲｾﾞｰｼｮﾝ"/>
<PROPERTY NAME="UDESCRIPTIONFIELD" VALUE="FAB226541962430C95217375A27A2D6B"/>
<PROPERTY NAME="USORTBY" VALUE="4545CC0ECAC34362ABE6FD1ECBBFE8A6"/>
<PROPERTY NAME="UVISUALIZATIONTYPE" VALUE="COMBO"/>
</OBJECT>
<OBJECT TYPE="FIELD" CLASS="VF_FP022" ID="4545CC0ECAC34362ABE6FD1ECBBFE8A6" >
<PROPERTY NAME="IP_LAST" VALUE="20080603-173857-PCXUSER"/>
<PROPERTY NAME="UCAPTION" LANG="ENG" VALUE="Sequence"/>
<PROPERTY NAME="UCAPTION" LANG="FRA" VALUE="Séquence"/>
<PROPERTY NAME="UCAPTION" LANG="JPN" VALUE="ｼｰｹﾝｽ"/>
<PROPERTY NAME="UDECIMALS" TYPE="N" VALUE="0"/>
<PROPERTY NAME="UKEY" VALUE="FALSE"/>
<PROPERTY NAME="UKEYSEQUENCE" TYPE="N" VALUE="0"/>
<PROPERTY NAME="UMAXLENGTH" TYPE="N" VALUE="1"/>
<PROPERTY NAME="USEQUENCE" TYPE="N" VALUE="3"/>
<PROPERTY NAME="UTYPE" VALUE="N"/>
<PROPERTY NAME="UUPPERCASE" VALUE="FALSE"/>
<PROPERTY NAME="UUSEROBJECTTYPE" VALUE="SEQUENCE"/>
</OBJECT>
</OBJECT>
<OBJECT TYPE="TABLE" CLASS="VF_FP021" ID="78F144567D4A4D8CB2CD0C0EE6545673" >
<PROPERTY NAME="IP_LAST" VALUE="20070822-145228-DCXUSER"/>
<PROPERTY NAME="UCAPTION" LANG="ENG" VALUE="Titles"/>
<PROPERTY NAME="UCAPTION" LANG="FRA" VALUE="Titre"/>
<PROPERTY NAME="UCAPTION" LANG="JPN" VALUE="敬称"/>
<PROPERTY NAME="ULANGFIELD" VALUE="7AE58E196C964CCB9CF38681FD536F77"/>
<PROPERTY NAME="UREADONLY" VALUE="TRUE"/>
<PROPERTY NAME="UUSEROBJECTTYPE" VALUE="VF_TITLE"/>
<OBJECT TYPE="FIELD" CLASS="VF_FP022" ID="1D7DCBDEA0CF4449B515755EC4126BDC" >
<PROPERTY NAME="IP_LAST" VALUE="20080603-173906-PCXUSER"/>
<PROPERTY NAME="UCAPTION" LANG="ENG" VALUE="Code"/>
<PROPERTY NAME="UCAPTION" LANG="FRA" VALUE="Code"/>
<PROPERTY NAME="UCAPTION" LANG="JPN" VALUE="ｺｰﾄﾞ"/>
<PROPERTY NAME="UDECIMALS" TYPE="N" VALUE="0"/>
<PROPERTY NAME="UKEY" VALUE="TRUE"/>
<PROPERTY NAME="UKEYSEQUENCE" TYPE="N" VALUE="1"/>
<PROPERTY NAME="UMAXLENGTH" TYPE="N" VALUE="10"/>
<PROPERTY NAME="USEQUENCE" TYPE="N" VALUE="1"/>
<PROPERTY NAME="UTYPE" VALUE="A"/>
<PROPERTY NAME="UUPPERCASE" VALUE="TRUE"/>
<PROPERTY NAME="UUSEROBJECTTYPE" VALUE="CODE"/>
</OBJECT>
<OBJECT TYPE="FIELD" CLASS="VF_FP022" ID="EBF1E4315A594DA48721BBD5ED74EAE7" >
<PROPERTY NAME="IP_LAST" VALUE="20080603-174706-PCXUSER"/>
<PROPERTY NAME="UCAPTION" LANG="ENG" VALUE="Full"/>
<PROPERTY NAME="UCAPTION" LANG="FRA" VALUE="Complet"/>
<PROPERTY NAME="UCAPTION" LANG="JPN" VALUE="記述"/>
<PROPERTY NAME="UDECIMALS" TYPE="N" VALUE="0"/>
<PROPERTY NAME="UKEY" VALUE="FALSE"/>
<PROPERTY NAME="UKEYSEQUENCE" TYPE="N" VALUE="0"/>
<PROPERTY NAME="UMAXLENGTH" TYPE="N" VALUE="20"/>
<PROPERTY NAME="USEQUENCE" TYPE="N" VALUE="3"/>
<PROPERTY NAME="UTYPE" VALUE="A"/>
<PROPERTY NAME="UUPPERCASE" VALUE="FALSE"/>
<PROPERTY NAME="UUSEROBJECTTYPE" VALUE="DESCRIPTN"/>
</OBJECT>
<OBJECT TYPE="FIELD" CLASS="VF_FP022" ID="1A61F40A79DA451491B38FFEB6652584" >
<PROPERTY NAME="IP_LAST" VALUE="20080603-174217-PCXUSER"/>
<PROPERTY NAME="UCAPTION" LANG="ENG" VALUE="Seq"/>
<PROPERTY NAME="UCAPTION" LANG="FRA" VALUE="Séq"/>
<PROPERTY NAME="UCAPTION" LANG="JPN" VALUE="ｼｰｹﾝｽ"/>
<PROPERTY NAME="UDECIMALS" TYPE="N" VALUE="0"/>
<PROPERTY NAME="UKEY" VALUE="FALSE"/>
<PROPERTY NAME="UKEYSEQUENCE" TYPE="N" VALUE="0"/>
<PROPERTY NAME="UMAXLENGTH" TYPE="N" VALUE="1"/>
<PROPERTY NAME="USEQUENCE" TYPE="N" VALUE="7"/>
<PROPERTY NAME="UTYPE" VALUE="N"/>
<PROPERTY NAME="UUPPERCASE" VALUE="FALSE"/>
<PROPERTY NAME="UUSEROBJECTTYPE" VALUE="SEQ"/>
</OBJECT>
<OBJECT TYPE="FIELD" CLASS="VF_FP022" ID="7AE58E196C964CCB9CF38681FD536F77" >
<PROPERTY NAME="IP_LAST" VALUE="20080603-173909-PCXUSER"/>
<PROPERTY NAME="UCAPTION" LANG="ENG" VALUE="Language"/>
<PROPERTY NAME="UCAPTION" LANG="FRA" VALUE="Langue"/>
<PROPERTY NAME="UCAPTION" LANG="JPN" VALUE="言語"/>
<PROPERTY NAME="UDECIMALS" TYPE="N" VALUE="0"/>
<PROPERTY NAME="UKEY" VALUE="TRUE"/>
<PROPERTY NAME="UKEYSEQUENCE" TYPE="N" VALUE="2"/>
<PROPERTY NAME="UMAXLENGTH" TYPE="N" VALUE="4"/>
<PROPERTY NAME="USEQUENCE" TYPE="N" VALUE="2"/>
<PROPERTY NAME="UTYPE" VALUE="A"/>
<PROPERTY NAME="UUPPERCASE" VALUE="TRUE"/>
<PROPERTY NAME="UUSEROBJECTTYPE" VALUE="LANG"/>
</OBJECT>
<OBJECT TYPE="VF_FP023" CLASS="VF_FP023" ID="F256E7834FA5422CBAFE9452A3833184" >
<PROPERTY NAME="UCAPTION" LANG="ENG" VALUE="New Visualization"/>
<PROPERTY NAME="UCAPTION" LANG="FRA" VALUE="Nouvelle visualisation"/>
<PROPERTY NAME="UCAPTION" LANG="JPN" VALUE="新しいﾋﾞｼﾞｭｱﾗｲｾﾞｰｼｮﾝ"/>
<PROPERTY NAME="UDESCRIPTIONFIELD" VALUE="D8EBCB9D8AE946F29C936ACB9089EFD1"/>
<PROPERTY NAME="USORTBY" VALUE="1A61F40A79DA451491B38FFEB6652584"/>
<PROPERTY NAME="UVISUALIZATIONTYPE" VALUE="COMBO"/>
</OBJECT>
<OBJECT TYPE="FIELD" CLASS="VF_FP022" ID="D8EBCB9D8AE946F29C936ACB9089EFD1" >
<PROPERTY NAME="IP_LAST" VALUE="20080603-174402-PCXUSER"/>
<PROPERTY NAME="UCAPTION" LANG="ENG" VALUE="Title"/>
<PROPERTY NAME="UCAPTION" LANG="FRA" VALUE="Titre"/>
<PROPERTY NAME="UCAPTION" LANG="JPN" VALUE="敬称"/>
<PROPERTY NAME="UDECIMALS" TYPE="N" VALUE="0"/>
<PROPERTY NAME="UKEY" VALUE="FALSE"/>
<PROPERTY NAME="UKEYSEQUENCE" TYPE="N" VALUE="0"/>
<PROPERTY NAME="UMAXLENGTH" TYPE="N" VALUE="10"/>
<PROPERTY NAME="USEQUENCE" TYPE="N" VALUE="6"/>
<PROPERTY NAME="UTYPE" VALUE="A"/>
<PROPERTY NAME="UUPPERCASE" VALUE="FALSE"/>
<PROPERTY NAME="UUSEROBJECTTYPE" VALUE="TITLE"/>
</OBJECT>
</OBJECT>
<OBJECT TYPE="TABLE" CLASS="VF_FP021" ID="4BF42EA1959E4B6DA1A15D73DDFFD515" >
<PROPERTY NAME="UCAPTION" LANG="ENG" VALUE="Country (Windows only)"/>
<PROPERTY NAME="UCAPTION" LANG="FRA" VALUE="Pays (Windows seulement)"/>
<PROPERTY NAME="UCAPTION" LANG="JPN" VALUE="国 (Windows のみ)"/>
<PROPERTY NAME="UDATAHANDLERFUNCTION" VALUE="UFU0013"/>
<PROPERTY NAME="UDATAHANDLERPROCESS" VALUE="UF_SYSBR"/>
<PROPERTY NAME="UHINT" LANG="ENG" VALUE="see table data handler function"/>
<PROPERTY NAME="UHINT" LANG="FRA" VALUE="Voir la fonction de gestion de la table"/>
<PROPERTY NAME="UHINT" LANG="JPN" VALUE="ﾃｰﾌﾞﾙ･ﾃﾞｰﾀ･ﾊﾝﾄﾞﾗｰﾌｧﾝｸｼｮﾝを参照"/>
<PROPERTY NAME="UREADONLY" VALUE="TRUE"/>
<PROPERTY NAME="UUSEROBJECTTYPE" VALUE="VF_COUNTRY"/>
<OBJECT TYPE="FIELD" CLASS="VF_FP022" ID="9A2EBB19B2F44DD4AB8FAB3A3FA60D66" >
<PROPERTY NAME="IP_LAST" VALUE="20080603-174002-PCXUSER"/>
<PROPERTY NAME="UCAPTION" LANG="ENG" VALUE="Code"/>
<PROPERTY NAME="UCAPTION" LANG="FRA" VALUE="Code"/>
<PROPERTY NAME="UCAPTION" LANG="JPN" VALUE="ｺｰﾄﾞ"/>
<PROPERTY NAME="UDECIMALS" TYPE="N" VALUE="0"/>
<PROPERTY NAME="UKEY" VALUE="TRUE"/>
<PROPERTY NAME="UKEYSEQUENCE" TYPE="N" VALUE="1"/>
<PROPERTY NAME="UMAXLENGTH" TYPE="N" VALUE="2"/>
<PROPERTY NAME="USEQUENCE" TYPE="N" VALUE="1"/>
<PROPERTY NAME="UTYPE" VALUE="A"/>
<PROPERTY NAME="UUPPERCASE" VALUE="TRUE"/>
<PROPERTY NAME="UUSEROBJECTTYPE" VALUE="CODE"/>
</OBJECT>
<OBJECT TYPE="FIELD" CLASS="VF_FP022" ID="CB69A1C929C44650974F71BD7E9ECA54" >
<PROPERTY NAME="IP_LAST" VALUE="20080603-174005-PCXUSER"/>
<PROPERTY NAME="UCAPTION" LANG="ENG" VALUE="Description"/>
<PROPERTY NAME="UCAPTION" LANG="FRA" VALUE="Description"/>
<PROPERTY NAME="UCAPTION" LANG="JPN" VALUE="記述"/>
<PROPERTY NAME="UDECIMALS" TYPE="N" VALUE="0"/>
<PROPERTY NAME="UKEY" VALUE="FALSE"/>
<PROPERTY NAME="UKEYSEQUENCE" TYPE="N" VALUE="0"/>
<PROPERTY NAME="UMAXLENGTH" TYPE="N" VALUE="50"/>
<PROPERTY NAME="USEQUENCE" TYPE="N" VALUE="2"/>
<PROPERTY NAME="UTYPE" VALUE="A"/>
<PROPERTY NAME="UUPPERCASE" VALUE="FALSE"/>
<PROPERTY NAME="UUSEROBJECTTYPE" VALUE="DESCRIPTN"/>
</OBJECT>
<OBJECT TYPE="VF_FP023" CLASS="VF_FP023" ID="986D7B3E02574D08B43A1A37A4336786" >
<PROPERTY NAME="UCAPTION" LANG="ENG" VALUE="New Visualization"/>
<PROPERTY NAME="UCAPTION" LANG="FRA" VALUE="Nouvelle visualisation"/>
<PROPERTY NAME="UCAPTION" LANG="JPN" VALUE="新しいﾋﾞｼﾞｭｱﾗｲｾﾞｰｼｮﾝ"/>
<PROPERTY NAME="UDESCRIPTIONFIELD" VALUE="CB69A1C929C44650974F71BD7E9ECA54"/>
<PROPERTY NAME="UVISUALIZATIONTYPE" VALUE="COMBO"/>
</OBJECT>
</OBJECT>
<OBJECT TYPE="TABLE" CLASS="VF_FP021" ID="522CBDCA2B86402B8406119EEEB50E94" >
<PROPERTY NAME="UCAPTION" LANG="ENG" VALUE="Currency (Windows only)"/>
<PROPERTY NAME="UCAPTION" LANG="FRA" VALUE="Devises (Windows seulement)"/>
<PROPERTY NAME="UCAPTION" LANG="JPN" VALUE="通貨 (Windows のみ)"/>
<PROPERTY NAME="UDATAHANDLERFUNCTION" VALUE="UFU0014"/>
<PROPERTY NAME="UDATAHANDLERPROCESS" VALUE="UF_SYSBR"/>
<PROPERTY NAME="UHINT" LANG="ENG" VALUE="see table data handler function"/>
<PROPERTY NAME="UHINT" LANG="FRA" VALUE="Voir la fonction de gestion de la table"/>
<PROPERTY NAME="UHINT" LANG="JPN" VALUE="ﾃｰﾌﾞﾙ･ﾃﾞｰﾀ･ﾊﾝﾄﾞﾗｰﾌｧﾝｸｼｮﾝを参照"/>
<PROPERTY NAME="UREADONLY" VALUE="TRUE"/>
<PROPERTY NAME="UUSEROBJECTTYPE" VALUE="VF_CURRENCY"/>
<OBJECT TYPE="FIELD" CLASS="VF_FP022" ID="3366C7166D3F4100838887945A146BF2" >
<PROPERTY NAME="IP_LAST" VALUE="20080603-174010-PCXUSER"/>
<PROPERTY NAME="UCAPTION" LANG="ENG" VALUE="Code"/>
<PROPERTY NAME="UCAPTION" LANG="FRA" VALUE="Code"/>
<PROPERTY NAME="UCAPTION" LANG="JPN" VALUE="ｺｰﾄﾞ"/>
<PROPERTY NAME="UDECIMALS" TYPE="N" VALUE="0"/>
<PROPERTY NAME="UKEY" VALUE="TRUE"/>
<PROPERTY NAME="UKEYSEQUENCE" TYPE="N" VALUE="1"/>
<PROPERTY NAME="UMAXLENGTH" TYPE="N" VALUE="3"/>
<PROPERTY NAME="USEQUENCE" TYPE="N" VALUE="1"/>
<PROPERTY NAME="UTYPE" VALUE="A"/>
<PROPERTY NAME="UUPPERCASE" VALUE="TRUE"/>
<PROPERTY NAME="UUSEROBJECTTYPE" VALUE="CODE"/>
</OBJECT>
<OBJECT TYPE="FIELD" CLASS="VF_FP022" ID="436D2C7733EF4F36B559D3D54410B6FF" >
<PROPERTY NAME="IP_LAST" VALUE="20080603-174013-PCXUSER"/>
<PROPERTY NAME="UCAPTION" LANG="ENG" VALUE="Description"/>
<PROPERTY NAME="UCAPTION" LANG="FRA" VALUE="Description"/>
<PROPERTY NAME="UCAPTION" LANG="JPN" VALUE="記述"/>
<PROPERTY NAME="UDECIMALS" TYPE="N" VALUE="0"/>
<PROPERTY NAME="UKEY" VALUE="FALSE"/>
<PROPERTY NAME="UKEYSEQUENCE" TYPE="N" VALUE="0"/>
<PROPERTY NAME="UMAXLENGTH" TYPE="N" VALUE="50"/>
<PROPERTY NAME="USEQUENCE" TYPE="N" VALUE="2"/>
<PROPERTY NAME="UTYPE" VALUE="A"/>
<PROPERTY NAME="UUPPERCASE" VALUE="FALSE"/>
<PROPERTY NAME="UUSEROBJECTTYPE" VALUE="DESCRIPTN"/>
</OBJECT>
<OBJECT TYPE="FIELD" CLASS="VF_FP022" ID="7E257213861C4BE49D34D016313D6124" >
<PROPERTY NAME="IP_LAST" VALUE="20080603-174016-PCXUSER"/>
<PROPERTY NAME="UCAPTION" LANG="ENG" VALUE="Country"/>
<PROPERTY NAME="UCAPTION" LANG="FRA" VALUE="Pays"/>
<PROPERTY NAME="UCAPTION" LANG="JPN" VALUE="国"/>
<PROPERTY NAME="UDECIMALS" TYPE="N" VALUE="0"/>
<PROPERTY NAME="UKEY" VALUE="FALSE"/>
<PROPERTY NAME="UKEYSEQUENCE" TYPE="N" VALUE="0"/>
<PROPERTY NAME="UMAXLENGTH" TYPE="N" VALUE="50"/>
<PROPERTY NAME="USEQUENCE" TYPE="N" VALUE="3"/>
<PROPERTY NAME="UTYPE" VALUE="A"/>
<PROPERTY NAME="UUPPERCASE" VALUE="FALSE"/>
<PROPERTY NAME="UUSEROBJECTTYPE" VALUE="COUNTRY"/>
</OBJECT>
<OBJECT TYPE="VF_FP023" CLASS="VF_FP023" ID="5D0C29D7A5BA4C08A52F9902CB64B8F0" >
<PROPERTY NAME="UCAPTION" LANG="ENG" VALUE="New Visualization"/>
<PROPERTY NAME="UCAPTION" LANG="FRA" VALUE="Nouvelle visualisation"/>
<PROPERTY NAME="UCAPTION" LANG="JPN" VALUE="新しいﾋﾞｼﾞｭｱﾗｲｾﾞｰｼｮﾝ"/>
<PROPERTY NAME="UDESCRIPTIONFIELD" VALUE="3366C7166D3F4100838887945A146BF2"/>
<PROPERTY NAME="UVISUALIZATIONTYPE" VALUE="COMBO"/>
</OBJECT>
</OBJECT>
<OBJECT TYPE="TABLE" CLASS="VF_FP021" ID="BD75C5F4B9374F98BA15FC7E8C2567F9" >
<PROPERTY NAME="IP_LAST" VALUE="20070822-145244-DCXUSER"/>
<PROPERTY NAME="UCAPTION" LANG="ENG" VALUE="USA States"/>
<PROPERTY NAME="UCAPTION" LANG="FRA" VALUE="Etats USA"/>
<PROPERTY NAME="UCAPTION" LANG="JPN" VALUE="USAの州"/>
<PROPERTY NAME="UDATAHANDLERFUNCTION" VALUE="UFU0015"/>
<PROPERTY NAME="UDATAHANDLERPROCESS" VALUE="UF_SYSBR"/>
<PROPERTY NAME="UHINT" LANG="ENG" VALUE="USA States"/>
<PROPERTY NAME="UHINT" LANG="FRA" VALUE="Etats USA"/>
<PROPERTY NAME="UHINT" LANG="JPN" VALUE="USAの州"/>
<PROPERTY NAME="UREADONLY" VALUE="TRUE"/>
<PROPERTY NAME="UUSEROBJECTTYPE" VALUE="VF_USASTATES"/>
<OBJECT TYPE="FIELD" CLASS="VF_FP022" ID="4560BC80231844579AA0248B2EA7BA32" >
<PROPERTY NAME="IP_LAST" VALUE="20080603-174020-PCXUSER"/>
<PROPERTY NAME="UCAPTION" LANG="ENG" VALUE="Code"/>
<PROPERTY NAME="UCAPTION" LANG="FRA" VALUE="Code"/>
<PROPERTY NAME="UCAPTION" LANG="JPN" VALUE="ｺｰﾄﾞ"/>
<PROPERTY NAME="UDECIMALS" TYPE="N" VALUE="0"/>
<PROPERTY NAME="UKEY" VALUE="TRUE"/>
<PROPERTY NAME="UKEYSEQUENCE" TYPE="N" VALUE="1"/>
<PROPERTY NAME="UMAXLENGTH" TYPE="N" VALUE="2"/>
<PROPERTY NAME="USEQUENCE" TYPE="N" VALUE="1"/>
<PROPERTY NAME="UTYPE" VALUE="A"/>
<PROPERTY NAME="UUPPERCASE" VALUE="TRUE"/>
<PROPERTY NAME="UUSEROBJECTTYPE" VALUE="CODE"/>
</OBJECT>
<OBJECT TYPE="FIELD" CLASS="VF_FP022" ID="38F7D215B5674756A9BE916830CCE4D1" >
<PROPERTY NAME="IP_LAST" VALUE="20080603-174023-PCXUSER"/>
<PROPERTY NAME="UCAPTION" LANG="ENG" VALUE="Description"/>
<PROPERTY NAME="UCAPTION" LANG="FRA" VALUE="Description"/>
<PROPERTY NAME="UCAPTION" LANG="JPN" VALUE="記述"/>
<PROPERTY NAME="UDECIMALS" TYPE="N" VALUE="0"/>
<PROPERTY NAME="UKEY" VALUE="FALSE"/>
<PROPERTY NAME="UKEYSEQUENCE" TYPE="N" VALUE="0"/>
<PROPERTY NAME="UMAXLENGTH" TYPE="N" VALUE="40"/>
<PROPERTY NAME="USEQUENCE" TYPE="N" VALUE="2"/>
<PROPERTY NAME="UTYPE" VALUE="A"/>
<PROPERTY NAME="UUPPERCASE" VALUE="FALSE"/>
<PROPERTY NAME="UUSEROBJECTTYPE" VALUE="DESCRIPTN"/>
</OBJECT>
<OBJECT TYPE="VF_FP023" CLASS="VF_FP023" ID="58BE664C7BD44F50BD086761F79F25B1" >
<PROPERTY NAME="IP_LAST" VALUE="20070313-140751-DCXUSER"/>
<PROPERTY NAME="UCAPTION" LANG="ENG" VALUE="New Visualization"/>
<PROPERTY NAME="UCAPTION" LANG="FRA" VALUE="Nouvelle visualisation"/>
<PROPERTY NAME="UCAPTION" LANG="JPN" VALUE="新しいﾋﾞｼﾞｭｱﾗｲｾﾞｰｼｮﾝ"/>
<PROPERTY NAME="UDESCRIPTIONFIELD" VALUE="38F7D215B5674756A9BE916830CCE4D1"/>
<PROPERTY NAME="USORTBY" VALUE="4560BC80231844579AA0248B2EA7BA32"/>
<PROPERTY NAME="UVISUALIZATIONTYPE" VALUE="COMBO"/>
</OBJECT>
</OBJECT>
<OBJECT TYPE="TABLE" CLASS="VF_FP021" ID="E2F2ABB52A2241B5B664C9D022BA02D0">
<PROPERTY NAME="IP_LAST" VALUE="20141022-170745-VLXPGMLIB"/>
<PROPERTY NAME="UCAPTION" LANG="ENG" VALUE="Country (Unicode)"/>
<PROPERTY NAME="UDATAHANDLERRUPART" VALUE="DF_TDH02"/>
<PROPERTY NAME="UHINT" LANG="ENG" VALUE="Country Names in their native language"/>
<PROPERTY NAME="UREADONLY" VALUE="TRUE"/>
<PROPERTY NAME="USEQUENCE" TYPE="N" VALUE="8"/>
<PROPERTY NAME="UUSEROBJECTTYPE" VALUE="VF_COUNTRY_U"/>
<PROPERTY NAME="UUSERUPARTHANDLER" VALUE="TRUE"/>
<OBJECT TYPE="FIELD" CLASS="VF_FP022" ID="DD2BC963178C415FB02DB9AFBD1D75A5">
<PROPERTY NAME="IP_LAST" VALUE="20141022-170532-VLXPGMLIB"/>
<PROPERTY NAME="UCAPTION" LANG="ENG" VALUE="Index"/>
<PROPERTY NAME="UDECIMALS" TYPE="N" VALUE="0"/>
<PROPERTY NAME="UKEY" VALUE="TRUE"/>
<PROPERTY NAME="UKEYSEQUENCE" TYPE="N" VALUE="1"/>
<PROPERTY NAME="UMAXLENGTH" TYPE="N" VALUE="3"/>
<PROPERTY NAME="USEQUENCE" TYPE="N" VALUE="1"/>
<PROPERTY NAME="UTYPE" VALUE="N"/>
<PROPERTY NAME="UUPPERCASE" VALUE="FALSE"/>
<PROPERTY NAME="UUSEROBJECTTYPE" VALUE="INDEX"/>
</OBJECT>
<OBJECT TYPE="FIELD" CLASS="VF_FP022" ID="0922C8A5941A4B37A8E27A6E2EB83F1C">
<PROPERTY NAME="IP_LAST" VALUE="20141022-170830-VLXPGMLIB"/>
<PROPERTY NAME="UCAPTION" LANG="ENG" VALUE="Description"/>
<PROPERTY NAME="UDECIMALS" TYPE="N" VALUE="0"/>
<PROPERTY NAME="UKEY" VALUE="FALSE"/>
<PROPERTY NAME="UKEYSEQUENCE" TYPE="N" VALUE="0"/>
<PROPERTY NAME="UMAXLENGTH" TYPE="N" VALUE="50"/>
<PROPERTY NAME="USEQUENCE" TYPE="N" VALUE="2"/>
<PROPERTY NAME="UTYPE" VALUE="A"/>
<PROPERTY NAME="UUPPERCASE" VALUE="FALSE"/>
<PROPERTY NAME="UUSEROBJECTTYPE" VALUE="DESCRPTN"/>
</OBJECT>
<OBJECT TYPE="FIELD" CLASS="VF_FP022" ID="AF89E8DFFF0E4C8B9EC88675F6C1EA40">
<PROPERTY NAME="IP_LAST" VALUE="20141022-170956-VLXPGMLIB"/>
<PROPERTY NAME="UCAPTION" LANG="ENG" VALUE="Native Name"/>
<PROPERTY NAME="UDECIMALS" TYPE="N" VALUE="0"/>
<PROPERTY NAME="UKEY" VALUE="FALSE"/>
<PROPERTY NAME="UKEYSEQUENCE" TYPE="N" VALUE="0"/>
<PROPERTY NAME="UMAXLENGTH" TYPE="N" VALUE="50"/>
<PROPERTY NAME="USEQUENCE" TYPE="N" VALUE="3"/>
<PROPERTY NAME="UTYPE" VALUE="U"/>
<PROPERTY NAME="UUPPERCASE" VALUE="FALSE"/>
<PROPERTY NAME="UUSEROBJECTTYPE" VALUE="NAME"/>
</OBJECT>
<OBJECT TYPE="VF_FP023" CLASS="VF_FP023" ID="952CDECE9EAA44FBBA686F5EBBDBFD40">
<PROPERTY NAME="IP_LAST" VALUE="20141022-170850-VLXPGMLIB"/>
<PROPERTY NAME="UCAPTION" LANG="ENG" VALUE="New Visualization"/>
<PROPERTY NAME="UDESCRIPTIONFIELD" VALUE="0922C8A5941A4B37A8E27A6E2EB83F1C"/>
<PROPERTY NAME="USORTBY" VALUE="DD2BC963178C415FB02DB9AFBD1D75A5"/>
<PROPERTY NAME="UVISUALIZATIONTYPE" VALUE="COMBO"/>
</OBJECT>
</OBJECT>
</OBJECT>
